Enthymeme,Context,Image,Expected Output,deepseek-flash__without_enthymeme,deepseek-flash__without_context,deepseek-flash__without_image,deepseek-flash__all_inputs
The weatherman knows about the weather.,The user lives in Philadelphia.,images/class1/test1.png,,"[position_to_know(weather_forecaster,meteorology),asserts(weather_forecaster,will_rain(philadelphia)),contain(meteorology,will_rain(philadelphia))],will_rain(philadelphia)","[classification(weatherman,knows_about_weather),be(the_weatherman,weatherman)],be(the_weatherman,knows_about_weather)","[classification(weather,known_by_weatherman),be(weather_in_philadelphia,weather)],be(weather_in_philadelphia,known_by_weatherman)","[position_to_know(weatherman,weather),asserts(weatherman,will_rain(philadelphia,monday_6pm)),contain(weather,will_rain(philadelphia,monday_6pm))],will_rain(philadelphia,monday_6pm)"
The weatherman knows about the weather.,The user is in Boston.,images/class1/test2.png,,"[position_to_know(meteorologist,meteorology),asserts(meteorologist,brings(cold_front,rain,boston)),contain(meteorology,brings(cold_front,rain,boston))],brings(cold_front,rain,boston)","[position_to_know(weatherman, weather), asserts(weatherman, a_cold_front_will_move_through_northeastern_United_States), contain(weather, a_cold_front_will_move_through_northeastern_United_States)], a_cold_front_will_move_through_northeastern_United_States","[position_to_know(weatherman,weather),asserts(weatherman,weather_in_boston),contain(weather,weather_in_boston)],weather_in_boston","[position_to_know(weatherman,weather),asserts(weatherman,weather_in(boston)),contain(weather,weather_in(boston))],weather_in(boston)"
The weatherman knows about the weather,The user lives in Fort Wayne.,images/class1/test3.png,,"[position_to_know(meteorologist,meteorology),asserts(meteorologist,will_be_cold(fort_wayne)),contain(meteorology,will_be_cold(fort_wayne))],will_be_cold(fort_wayne)","[position_to_know(weatherman, weather), asserts(weatherman, rain(washington, monday_6pm)), contain(weather, rain(washington, monday_6pm))], rain(washington, monday_6pm)","[classification(weatherman,knows_about_weather),be(weatherman_in_fort_wayne,weatherman)],be(weatherman_in_fort_wayne,knows_about_weather)","[classification(weatherman,knows_about_weather),be(the_weatherman,weatherman)],be(the_weatherman,knows_about_weather)"
The weatherman knows about the weather.,The user is visiting London.,images/class1/test4.png,,"[position_to_know(weather_forecaster,meteorology),asserts(weather_forecaster,cold(london)),contain(meteorology,cold(london))],cold(london)","[position_to_know(weatherman, weather), asserts(weatherman, brings(cold_front, rain)), contain(weather, brings(cold_front, rain))], brings(cold_front, rain)","[position_to_know(weatherman, weather), asserts(weatherman, weather_in(london)), contain(weather, weather_in(london))], weather_in(london)","[position_to_know(weatherman, meteorology), asserts(weatherman, weather_in(london, monday_6pm)), contain(meteorology, weather_in(london, monday_6pm))], weather_in(london, monday_6pm)"
The approach of hurricanes is a matter of meteorology.,The user lives in Miami.,images/class1/test5.png,,"[position_to_know(meteorologist,meteorology),asserts(meteorologist,threatens(hurricane_kyle,miami)),contain(meteorology,threatens(hurricane_kyle,miami))],threatens(hurricane_kyle,miami)","[position_to_know(meteorologist,meteorology),asserts(meteorologist,matter_of(approach_of_hurricanes,meteorology)),contain(meteorology,matter_of(approach_of_hurricanes,meteorology))],matter_of(approach_of_hurricanes,meteorology)","[position_to_know(meteorologist,meteorology),asserts(meteorologist,approach(hurricanes,miami)),contain(meteorology,approach(hurricanes,miami))],approach(hurricanes,miami)","[position_to_know(meteorologist, meteorology), asserts(meteorologist, approach(hurricane_kyle, miami)), contain(meteorology, approach(hurricane_kyle, miami))], approach(hurricane_kyle, miami)"
The weatherman knows about the approach of hurricanes.,The user is in Jacksonville.,images/class1/test6.png,,"[position_to_know(meteorologist, meteorology), asserts(meteorologist, hurricane(kyle)), contain(meteorology, hurricane(kyle))], hurricane(kyle)","[position_to_know(weatherman,approach_of_hurricanes),asserts(weatherman,approaching(hurricane_kyle)),contain(approach_of_hurricanes,approaching(hurricane_kyle))],approaching(hurricane_kyle)","[position_to_know(weatherman,meteorology),asserts(weatherman,approach(hurricanes,jacksonville)),contain(meteorology,approach(hurricanes,jacksonville))],approach(hurricanes,jacksonville)","[position_to_know(weatherman, approach_of_hurricanes), asserts(weatherman, approaching(hurricane_kyle, jacksonville)), contain(approach_of_hurricanes, approaching(hurricane_kyle, jacksonville))], approaching(hurricane_kyle, jacksonville)"
The weatherman knows about the weather,The user lives in Naples.,images/class1/test7.png,,"[position_to_know(weather_anchor,meteorology),asserts(weather_anchor,temperature(naples,91)),contain(meteorology,temperature(naples,91))],temperature(naples,91)","[position_to_know(weatherman, weather), asserts(weatherman, temperature(miami,94)), contain(weather, temperature(miami,94))], temperature(miami,94)","[position_to_know(weatherman, weather), asserts(weatherman, weather_in_naples), contain(weather, weather_in_naples)], weather_in_naples","[position_to_know(weatherman,weather),asserts(weatherman,temperature(naples,91)),contain(weather,temperature(naples,91))],temperature(naples,91)"
The weatherman knows about the weather,The user lives in Miami.,images/class1/test8.png,,"[position_to_know(meteorologist,meteorology),asserts(meteorologist,temperature(miami,94)),contain(meteorology,temperature(miami,94))],temperature(miami,94)","[position_to_know(weatherman,weather),asserts(weatherman,temperature(miami,94)),contain(weather,temperature(miami,94))],temperature(miami,94)","[position_to_know(weatherman, weather), asserts(weatherman, lives(user, miami)), contain(weather, lives(user, miami))], lives(user, miami)","[position_to_know(weatherman,weather),asserts(weatherman,temperature(miami,94)),contain(weather,temperature(miami,94))],temperature(miami,94)"
The weatherman knows about the weather,The user is in Key West.,images/class1/test9.png,,"[position_to_know(weather_anchor,meteorology),asserts(weather_anchor,temperature(key_west,92)),contain(meteorology,temperature(key_west,92))],temperature(key_west,92)","[position_to_know(weatherman, weather), asserts(weatherman, temperature(miami, 94)), contain(weather, temperature(miami, 94))], temperature(miami, 94)","[classification(weatherman,knows_about_weather),be(key_west_weatherman,weatherman)],be(key_west_weatherman,knows_about_weather)","[position_to_know(weatherman, weather), asserts(weatherman, temperature(key_west, 92)), contain(weather, temperature(key_west, 92))], temperature(key_west, 92)"
The weatherman knows about the weather,The user is visiting Marathon.,images/class1/test10.png,,"[position_to_know(meteorologist,meteorology),asserts(meteorologist,temperature(marathon,95_degrees)),contain(meteorology,temperature(marathon,95_degrees))],temperature(marathon,95_degrees)","[position_to_know(weatherman,weather),asserts(weatherman,current_temperature(miami,94_degrees)),contain(weather,current_temperature(miami,94_degrees))],current_temperature(miami,94_degrees)","[position_to_know(weatherman, weather), asserts(weatherman, weather_in_marathon), contain(weather, weather_in_marathon)], weather_in_marathon","[position_to_know(weatherman,weather),asserts(weatherman,temperature(marathon,95)),contain(weather,temperature(marathon,95))],temperature(marathon,95)"
The weatherman knows about the weather,The user lives in London.,images/class1/test11.png,,"[position_to_know(weather_presenter,meteorology),asserts(weather_presenter,temperature(london,38)),contain(meteorology,temperature(london,38))],temperature(london,38)","[position_to_know(weatherman, weather), asserts(weatherman, temperature(london, 38)), contain(weather, temperature(london, 38))], temperature(london, 38)","[position_to_know(weatherman, weather), asserts(weatherman, weather_in(london)), contain(weather, weather_in(london))], weather_in(london)","[position_to_know(weatherman,weather),asserts(weatherman,temperature(london,38)),contain(weather,temperature(london,38))],temperature(london,38)"
The weatherman knows about the weather,The user lives in Lerwick.,images/class1/test12.png,,"[position_to_know(weather_presenter,meteorology),asserts(weather_presenter,temperature(lerwick,16)),contain(meteorology,temperature(lerwick,16))],temperature(lerwick,16)","[position_to_know(weatherman,weather),asserts(weatherman,hot(weather)),contain(weather,hot(weather))],hot(weather)","[position_to_know(weatherman,weather),asserts(weatherman,lives(user,lerwick)),contain(weather,lives(user,lerwick))],lives(user,lerwick)","[position_to_know(weatherman,weather),asserts(weatherman,temperature(lerwick,16)),contain(weather,temperature(lerwick,16))],temperature(lerwick,16)"
The weatherman knows about the weather,The user is in Aberdeen.,images/class1/test13.png,,"[position_to_know(weather_presenter,meteorology),asserts(weather_presenter,temperature(aberdeen,28)),contain(meteorology,temperature(aberdeen,28))],temperature(aberdeen,28)","[position_to_know(weatherman,weather),asserts(weatherman,temperature(london,38)),contain(weather,temperature(london,38))],temperature(london,38)","[classification(weather, known_by_weatherman), be(aberdeen_weather, weather)], be(aberdeen_weather, known_by_weatherman)","[position_to_know(weatherman,weather),asserts(weatherman,temperature(aberdeen,28)),contain(weather,temperature(aberdeen,28))],temperature(aberdeen,28)"
The weatherman knows about the weather,The user is visiting Belfast.,images/class1/test14.png,,"[position_to_know(weather_presenter,meteorology),asserts(weather_presenter,temperature(belfast,23,tuesday_16_00)),contain(meteorology,temperature(belfast,23,tuesday_16_00))],temperature(belfast,23,tuesday_16_00)","[position_to_know(weatherman, weather), asserts(weatherman, weather_forecast(uk, tuesday_16_00, temperatures([temp(lerwick,16), temp(stornoway,17), temp(aberdeen,32), temp(edinburgh,28), temp(glasgow,26), temp(newcastle,35), temp(belfast,23), temp(liverpool,32), temp(hull,38), temp(birmingham,38), temp(norwich,36), temp(london,38), temp(cardiff,31), temp(plymouth,24), temp(st_helier,25)]))), contain(weather, weather_forecast(uk, tuesday_16_00, temperatures([temp(lerwick,16), temp(stornoway,17), temp(aberdeen,32), temp(edinburgh,28), temp(glasgow,26), temp(newcastle,35), temp(belfast,23), temp(liverpool,32), temp(hull,38), temp(birmingham,38), temp(norwich,36), temp(london,38), temp(cardiff,31), temp(plymouth,24), temp(st_helier,25)])))], weather_forecast(uk, tuesday_16_00, temperatures([temp(lerwick,16), temp(stornoway,17), temp(aberdeen,32), temp(edinburgh,28), temp(glasgow,26), temp(newcastle,35), temp(belfast,23), temp(liverpool,32), temp(hull,38), temp(birmingham,38), temp(norwich,36), temp(london,38), temp(cardiff,31), temp(plymouth,24), temp(st_helier,25)]))","[position_to_know(weatherman, weather), asserts(weatherman, weather_in_belfast), contain(weather, weather_in_belfast)], weather_in_belfast","[position_to_know(weatherman,weather),asserts(weatherman,temperature(belfast,23)),contain(weather,temperature(belfast,23))],temperature(belfast,23)"
The weatherman knows about the weather.,The user is in London.,images/class1/test15.png,,"[position_to_know(weather_presenter,meteorology),asserts(weather_presenter,sunny(london,sunday)),contain(meteorology,sunny(london,sunday))],sunny(london,sunday)","[position_to_know(weatherman,weather),asserts(weatherman,will_be_sunny(london,sunday)),contain(weather,will_be_sunny(london,sunday))],will_be_sunny(london,sunday)","[would_help(provide_weather_info_about_London, user), can_carry_out(weatherman, provide_weather_info_about_London), not_too_costly(weatherman, provide_weather_info_about_London)], ought_to_carry_out(weatherman, provide_weather_info_about_London)","[position_to_know(weatherman, weather), asserts(weatherman, weather(london, thu(26, partly_cloudy), fri(23, rain), sat(26, partly_cloudy), sun(27, sunny))), contain(weather, weather(london, thu(26, partly_cloudy), fri(23, rain), sat(26, partly_cloudy), sun(27, sunny)))], weather(london, thu(26, partly_cloudy), fri(23, rain), sat(26, partly_cloudy), sun(27, sunny))"
The weatherman knows about the weather.,The user lives in Westminster.,images/class1/test16.png,,"[classification(london_location,sunny_location_on_sunday),be(westminster,london_location)],be(westminster,sunny_location_on_sunday)","[position_to_know(weatherman, weather), asserts(weatherman, forecast(edinburgh, thursday, cloudy, 20)), contain(weather, forecast(edinburgh, thursday, cloudy, 20))], forecast(edinburgh, thursday, cloudy, 20)","[features(weather,has_temperature,has_precipitation,has_humidity),features(weather_in_westminster,has_temperature,has_precipitation,has_humidity),classified(weather,known_by_weatherman)],classified(weather_in_westminster,known_by_weatherman)","[position_to_know(weatherman,weather),asserts(weatherman,will_be_sunny(westminster,sunday)),contain(weather,will_be_sunny(westminster,sunday))],will_be_sunny(westminster,sunday)"
The weatherman knows about the weather.,The user lives in Belfast.,images/class1/test17.png,,"[position_to_know(weather_presenter,meteorology),asserts(weather_presenter,rains_in(belfast,friday)),contain(meteorology,rains_in(belfast,friday))],rains_in(belfast,friday)","[position_to_know(weatherman,weather),asserts(weatherman,sunny(london,sunday)),contain(weather,sunny(london,sunday))],sunny(london,sunday)","[classification(weatherman,knows_about_weather),be(weatherman_in_belfast,weatherman)],be(weatherman_in_belfast,knows_about_weather)","[position_to_know(weatherman, weather), asserts(weatherman, weather_in(belfast, cloudy, 18)), contain(weather, weather_in(belfast, cloudy, 18))], weather_in(belfast, cloudy, 18)"
The weatherman knows about the weather.,The user is in Cardiff.,images/class1/test18.png,,"[position_to_know(weather_presenter,meteorology),asserts(weather_presenter,will_be_partly_cloudy(cardiff)),contain(meteorology,will_be_partly_cloudy(cardiff))],will_be_partly_cloudy(cardiff)","[position_to_know(weatherman, weather), asserts(weatherman, forecast(edinburgh, thursday, 20, partly_cloudy)), contain(weather, forecast(edinburgh, thursday, 20, partly_cloudy))], forecast(edinburgh, thursday, 20, partly_cloudy)","[position_to_know(weatherman, weather), asserts(weatherman, weather_in(cardiff)), contain(weather, weather_in(cardiff))], weather_in(cardiff)","[position_to_know(weatherman, weather), asserts(weatherman, will_be(cardiff, thursday, partly_cloudy, 24)), contain(weather, will_be(cardiff, thursday, partly_cloudy, 24))], will_be(cardiff, thursday, partly_cloudy, 24)"
The weatherman knows about the weather.,The user is in Green Bay.,images/class1/test19.png,,"[position_to_know(first_alert_weather,meteorology),asserts(first_alert_weather,scattered_storms(green_bay)),contain(meteorology,scattered_storms(green_bay))],scattered_storms(green_bay)","[position_to_know(weatherman, weather), asserts(weatherman, occurs(storm, wednesday_12am)), contain(weather, occurs(storm, wednesday_12am))], occurs(storm, wednesday_12am)","[position_to_know(weatherman,weather),asserts(weatherman,weather_in_green_bay),contain(weather,weather_in_green_bay)],weather_in_green_bay","[position_to_know(weatherman, weather), asserts(weatherman, storm(green_bay)), contain(weather, storm(green_bay))], storm(green_bay)"
The weatherman knows about the weather.,The user lives in Toronto.,images/class1/test20.png,,"[position_to_know(first_alert_weather,meteorology),asserts(first_alert_weather,occurs(storms,toronto)),contain(meteorology,occurs(storms,toronto))],occurs(storms,toronto)","[position_to_know(weatherman,weather),asserts(weatherman,stormy_weather_at(green_bay_toledo_region,wednesday_12am)),contain(weather,stormy_weather_at(green_bay_toledo_region,wednesday_12am))],stormy_weather_at(green_bay_toledo_region,wednesday_12am)","[classification(weatherman, knows_about_weather), be(toronto_weatherman, weatherman)], be(toronto_weatherman, knows_about_weather)","[position_to_know(weatherman,weather),asserts(weatherman,stormy_weather(toronto,wednesday)),contain(weather,stormy_weather(toronto,wednesday))],stormy_weather(toronto,wednesday)"
The weatherman knows about the weather.,The user lives in Toledo.,images/class1/test21.png,,"[position_to_know(first_alert_weather,meteorology),asserts(first_alert_weather,storm_in_toledo),contain(meteorology,storm_in_toledo)],storm_in_toledo","[position_to_know(weatherman,weather),asserts(weatherman,temperature(4pm,94)),contain(weather,temperature(4pm,94))],temperature(4pm,94)","[classification(weather,known_by_weatherman),be(weather_in_toledo,weather)],be(weather_in_toledo,known_by_weatherman)","[position_to_know(weatherman,weather),asserts(weatherman,storm(toledo)),contain(weather,storm(toledo))],storm(toledo)"
The weatherman knows about the weather.,The user lives in Fremont.,images/class1/test22.png,,"[position_to_know(first_alert_weather,meteorology),asserts(first_alert_weather,temperature(fremont,85)),contain(meteorology,temperature(fremont,85))],temperature(fremont,85)","[position_to_know(weatherman, weather), asserts(weatherman, temperature(toledo, 83)), contain(weather, temperature(toledo, 83))], temperature(toledo, 83)","[goal(user, know_weather_in_fremont), necessary_condition(know_weather_in_fremont, knows(weatherman, weather))], is_necessary(knows(weatherman, weather))","[position_to_know(weatherman,weather),asserts(weatherman,temperature(fremont,85)),contain(weather,temperature(fremont,85))],temperature(fremont,85)"
The weatherman knows about the weather.,The user lives in Hillsdale.,images/class1/test23.png,,"[position_to_know(first_alert_weather,meteorology),asserts(first_alert_weather,temperature(hillsdale,81)),contain(meteorology,temperature(hillsdale,81))],temperature(hillsdale,81)","[position_to_know(weatherman,weather),asserts(weatherman,will_be_temperature(4pm,94)),contain(weather,will_be_temperature(4pm,94))],will_be_temperature(4pm,94)","[position_to_know(user,hillsdale),asserts(user,knows(weatherman,weather)),contain(hillsdale,knows(weatherman,weather))],knows(weatherman,weather)","[position_to_know(weatherman,weather),asserts(weatherman,temperature(hillsdale,81)),contain(weather,temperature(hillsdale,81))],temperature(hillsdale,81)"
The weatherman knows about the weather.,The user is in Monroe.,images/class1/test24.png,,"[position_to_know(first_alert_weather, meteorology), asserts(first_alert_weather, temperature(monroe, 76, tuesday_12pm)), contain(meteorology, temperature(monroe, 76, tuesday_12pm))], temperature(monroe, 76, tuesday_12pm)","[position_to_know(weatherman, weather), asserts(weatherman, temperature(adrian, 84, tuesday_12pm)), contain(weather, temperature(adrian, 84, tuesday_12pm))], temperature(adrian, 84, tuesday_12pm)","[position_to_know(weatherman,weather),asserts(weatherman,weather_in(monroe)),contain(weather,weather_in(monroe))],weather_in(monroe)","[position_to_know(weatherman,weather),asserts(weatherman,temperature(monroe,76)),contain(weather,temperature(monroe,76))],temperature(monroe,76)"
The weatherman knows about the weather.,The user is in Port Clinton.,images/class1/test25.png,,"[position_to_know(first_alert_weather, meteorology), asserts(first_alert_weather, temperature(port_clinton, 77)), contain(meteorology, temperature(port_clinton, 77))], temperature(port_clinton, 77)","[position_to_know(weatherman,weather),asserts(weatherman,temperature(toledo,83,tue_12pm)),contain(weather,temperature(toledo,83,tue_12pm))],temperature(toledo,83,tue_12pm)","[position_to_know(weatherman,weather),asserts(weatherman,weather_in(port_clinton)),contain(weather,weather_in(port_clinton))],weather_in(port_clinton)","[position_to_know(weatherman,weather),asserts(weatherman,temperature(port_clinton,77)),contain(weather,temperature(port_clinton,77))],temperature(port_clinton,77)"
The weatherman knows about the weather.,The user lives in Indiana.,images/class1/test26.png,,"[classification(indiana,moderate_risk_area),be(user,indiana)],be(user,moderate_risk_area)","[position_to_know(weatherman,weather),asserts(weatherman,severe_weather_risk),contain(weather,severe_weather_risk)],severe_weather_risk","[position_to_know(weatherman,meteorology),asserts(weatherman,knows_about(weatherman,weather_in_indiana)),contain(meteorology,knows_about(weatherman,weather_in_indiana))],knows_about(weatherman,weather_in_indiana)","[position_to_know(weatherman, weather), asserts(weatherman, severe_weather_risk(indiana, moderate)), contain(weather, severe_weather_risk(indiana, moderate))], severe_weather_risk(indiana, moderate)"
The weatherman knows about the weather.,The user lives in Chicago.,images/class1/test27.png,,"[position_to_know(meteorologist,meteorology),asserts(meteorologist,severe_weather_risk(chicago,moderate)),contain(meteorology,severe_weather_risk(chicago,moderate))],severe_weather_risk(chicago,moderate)","[position_to_know(weatherman,weather),asserts(weatherman,severe_weather_risk(moderate,central_us)),contain(weather,severe_weather_risk(moderate,central_us))],severe_weather_risk(moderate,central_us)","[classification(weatherman,knows_about_weather),be(chicago_weatherman,weatherman)],be(chicago_weatherman,knows_about_weather)","[position_to_know(weatherman,weather),asserts(weatherman,severe_weather_risk(chicago,moderate)),contain(weather,severe_weather_risk(chicago,moderate))],severe_weather_risk(chicago,moderate)"
The weatherman knows about the weather.,The user is in Washington.,images/class1/test28.png,,"[position_to_know(meteorologist,meteorology),asserts(meteorologist,slight_risk(washington)),contain(meteorology,slight_risk(washington))],slight_risk(washington)","[position_to_know(weatherman, weather), asserts(weatherman, severe_weather_risk(moderate)), contain(weather, severe_weather_risk(moderate))], severe_weather_risk(moderate).","[classification(weatherman,knows_about_weather),be(washington_weatherman,weatherman)],be(washington_weatherman,knows_about_weather)","[position_to_know(weatherman,weather),asserts(weatherman,severe_weather_risk(washington)),contain(weather,severe_weather_risk(washington))],severe_weather_risk(washington)"
The weatherman knows about the weather.,The user is in Boston.,images/class1/test29.png,,"[position_to_know(meteorologist,meteorology),asserts(meteorologist,not(severe_weather_risk(boston))),contain(meteorology,not(severe_weather_risk(boston)))],not(severe_weather_risk(boston))","[position_to_know(weatherman,weather),asserts(weatherman,severe_weather_risk),contain(weather,severe_weather_risk)],severe_weather_risk","[classification(weather, known_by_weatherman),be(boston_weather, weather)],be(boston_weather, known_by_weatherman)","[position_to_know(weatherman, weather), asserts(weatherman, not_at_risk(boston, severe_weather)), contain(weather, not_at_risk(boston, severe_weather))], not_at_risk(boston, severe_weather)"
The weatherman knows about the weather.,The user lives in Minneapolis.,images/class1/test30.png,,"[position_to_know(weather_authority, meteorology), asserts(weather_authority, storm_in(minneapolis)), contain(meteorology, storm_in(minneapolis))], storm_in(minneapolis)","[position_to_know(weatherman, weather), asserts(weatherman, raining(minneapolis)), contain(weather, raining(minneapolis))], raining(minneapolis)","[classification(weatherman,knows_about_weather),be(minneapolis_weatherman,weatherman)],be(minneapolis_weatherman,knows_about_weather)","[position_to_know(weatherman,weather),asserts(weatherman,raining(minneapolis)),contain(weather,raining(minneapolis))],raining(minneapolis)"
The weatherman knows about the weather.,The user lives in Fargo.,images/class1/test31.png,,"[position_to_know(weather_authority,meteorology),asserts(weather_authority,clear(fargo)),contain(meteorology,clear(fargo))],clear(fargo)","[position_to_know(weatherman,weather),asserts(weatherman,raining(minneapolis)),contain(weather,raining(minneapolis))],raining(minneapolis)","[classification(weather,known_by_weatherman),be(weather_in_fargo,weather)],be(weather_in_fargo,known_by_weatherman)","[position_to_know(weatherman,weather),asserts(weatherman,raining(fargo)),contain(weather,raining(fargo))],raining(fargo)"
The weatherman knows about the weather.,The user lives in Waterloo.,images/class1/test32.png,,"[position_to_know(weather_authority, meteorology), asserts(weather_authority, rain(waterloo)), contain(meteorology, rain(waterloo))], rain(waterloo)","[position_to_know(weatherman, weather), asserts(weatherman, raining(minneapolis)), contain(weather, raining(minneapolis))], raining(minneapolis)","[classification(weather, known_by(weatherman)), be(waterloo_weather, weather)], be(waterloo_weather, known_by(weatherman))","[position_to_know(weatherman,weather),asserts(weatherman,will_rain(waterloo)),contain(weather,will_rain(waterloo))],will_rain(waterloo)"
The weatherman knows about the weather.,The user is in Aberdeen.,images/class1/test33.png,,"[position_to_know(meteorologist,meteorology),asserts(meteorologist,not_raining_in(aberdeen)),contain(meteorology,not_raining_in(aberdeen))],not_raining_in(aberdeen)","[position_to_know(weatherman, weather), asserts(weatherman, raining(minneapolis)), contain(weather, raining(minneapolis))], raining(minneapolis)","[position_to_know(weatherman,weather),asserts(weatherman,weather_in(aberdeen)),contain(weather,weather_in(aberdeen))],weather_in(aberdeen)","[position_to_know(weatherman, weather), asserts(weatherman, stormy_weather(minneapolis)), contain(weather, stormy_weather(minneapolis))], stormy_weather(minneapolis)"
The weatherman knows about the weather.,The user lives in Indianapolis.,images/class1/test34.png,,"[position_to_know(weather_authority_meteorologist,meteorology),asserts(weather_authority_meteorologist,will_rain(indianapolis)),contain(meteorology,will_rain(indianapolis))],will_rain(indianapolis)","[position_to_know(weatherman, weather), asserts(weatherman, will_rain(indianapolis)), contain(weather, will_rain(indianapolis))], will_rain(indianapolis)","[classification(weather,known_by_weatherman),be(weather_in_indianapolis,weather)],be(weather_in_indianapolis,known_by_weatherman)","[position_to_know(weatherman,weather),asserts(weatherman,will_rain(indianapolis)),contain(weather,will_rain(indianapolis))],will_rain(indianapolis)"
The weatherman knows about the weather.,The user lives in Kokomo.,images/class1/test35.png,,"[position_to_know(meteorologist,meteorology),asserts(meteorologist,will_rain_in(kokomo,monday_12pm)),contain(meteorology,will_rain_in(kokomo,monday_12pm))],will_rain_in(kokomo,monday_12pm)","[position_to_know(weatherman,weather),asserts(weatherman,will_rain(indianapolis)),contain(weather,will_rain(indianapolis))],will_rain(indianapolis)","[position_to_know(weatherman,weather),asserts(weatherman,lives_in_kokomo(user)),contain(weather,lives_in_kokomo(user))],lives_in_kokomo(user)","[position_to_know(weatherman,weather),asserts(weatherman,will_rain_in(kokomo)),contain(weather,will_rain_in(kokomo))],will_rain_in(kokomo)"
The weatherman knows about the weather.,The user is in Champaign.,images/class1/test36.png,,"[position_to_know(meteorologist,meteorology),asserts(meteorologist,will_rain(champaign,monday_12pm)),contain(meteorology,will_rain(champaign,monday_12pm))],will_rain(champaign,monday_12pm)","[position_to_know(weatherman,weather),asserts(weatherman,will_rain(indianapolis)),contain(weather,will_rain(indianapolis))],will_rain(indianapolis)","[classification(weatherman,knows_about_weather),be(champaign_weatherman,weatherman)],be(champaign_weatherman,knows_about_weather)","[position_to_know(weatherman,weather),asserts(weatherman,will_rain(champaign)),contain(weather,will_rain(champaign))],will_rain(champaign)"
The weatherman knows about the weather.,The user is in Bedford.,images/class1/test37.png,,"[position_to_know(weather_authority,meteorology),asserts(weather_authority,will_rain_in(bedford,monday_12pm)),contain(meteorology,will_rain_in(bedford,monday_12pm))],will_rain_in(bedford,monday_12pm)","[position_to_know(weatherman,weather),asserts(weatherman,rain_expected(indianapolis)),contain(weather,rain_expected(indianapolis))],rain_expected(indianapolis)","[position_to_know(weatherman,weather),asserts(weatherman,weather_in_bedford),contain(weather,weather_in_bedford)],weather_in_bedford","[position_to_know(weatherman,weather),asserts(weatherman,will_rain(bedford)),contain(weather,will_rain(bedford))],will_rain(bedford)"
The weatherman knows about the weather.,The user lives in Lafayette.,images/class1/test38.png,,"[position_to_know(weather_authority, meteorology), asserts(weather_authority, high_temperature(lafayette, 86, tomorrow)), contain(meteorology, high_temperature(lafayette, 86, tomorrow))], high_temperature(lafayette, 86, tomorrow)","[position_to_know(weatherman,weather),asserts(weatherman,tomorrow_high(Indianapolis,87)),contain(weather,tomorrow_high(Indianapolis,87))],tomorrow_high(Indianapolis,87)","[position_to_know(weatherman,meteorology),asserts(weatherman,knows(weatherman,weather_in_lafayette)),contain(meteorology,knows(weatherman,weather_in_lafayette))],knows(weatherman,weather_in_lafayette)","[position_to_know(weatherman, weather), asserts(weatherman, tomorrow_temperature(lafayette, 86)), contain(weather, tomorrow_temperature(lafayette, 86))], tomorrow_temperature(lafayette, 86)"
The weatherman knows about the weather.,The user lives in Lafayette.,images/class1/test39.png,,"[position_to_know(the_weather_authority,meteorology),asserts(the_weather_authority,temperature(lafayette,86,tomorrow)),contain(meteorology,temperature(lafayette,86,tomorrow))],temperature(lafayette,86,tomorrow)","[classification(weather_authority,knows_about_weather),be(weatherman,weather_authority)],be(weatherman,knows_about_weather)","[position_to_know(weatherman, weather), asserts(weatherman, lives(user, lafayette)), contain(weather, lives(user, lafayette))], lives(user, lafayette)","[position_to_know(weatherman,weather),asserts(weatherman,tomorrow_temperature(lafayette,86)),contain(weather,tomorrow_temperature(lafayette,86))],tomorrow_temperature(lafayette,86)"
The weatherman knows about the weather.,The user is in Munce.,images/class1/test40.png,,"[position_to_know(weather_authority,meteorology),asserts(weather_authority,temperature(muncie,tomorrow,83)),contain(meteorology,temperature(muncie,tomorrow,83))],temperature(muncie,tomorrow,83)","[position_to_know(weatherman,weather),asserts(weatherman,temperature(indianapolis,87,tomorrow)),contain(weather,temperature(indianapolis,87,tomorrow))],temperature(indianapolis,87,tomorrow)","[classification(weather,known_by(weatherman)),be(weather_in_munce,weather)],be(weather_in_munce,known_by(weatherman))","[position_to_know(weatherman,weather),asserts(weatherman,temperature(muncie,83)),contain(weather,temperature(muncie,83))],temperature(muncie,83)"
The weatherman knows about the weather.,The user is in Peru.,images/class1/test41.png,,"[position_to_know(weather_authority,meteorology),asserts(weather_authority,temperature(peru,84,tomorrow)),contain(meteorology,temperature(peru,84,tomorrow))],temperature(peru,84,tomorrow)","[position_to_know(weatherman, weather), asserts(weatherman, high_temperature(indianapolis, 87, tomorrow)), contain(weather, high_temperature(indianapolis, 87, tomorrow))], high_temperature(indianapolis, 87, tomorrow)","[position_to_know(weatherman,weather),asserts(weatherman,weather_in_peru),contain(weather,weather_in_peru)],weather_in_peru","[position_to_know(weatherman, weather), asserts(weatherman, temperature(peru, 84)), contain(weather, temperature(peru, 84))], temperature(peru, 84)"
The weatherman knows about the weather.,The user lives in Manti.,images/class1/test42.png,,"[position_to_know(ksl_weather_specialists,meteorology),asserts(ksl_weather_specialists,weather(manti,53,partly_cloudy)),contain(meteorology,weather(manti,53,partly_cloudy))],weather(manti,53,partly_cloudy)","[position_to_know(weatherman,weather),asserts(weatherman,forecast(central_forecast,[ely(53,partly_cloudy),delta(53,partly_cloudy),fillmore(55,partly_cloudy),nephi(50,partly_cloudy),manti(53,partly_cloudy),richfield(57,partly_cloudy),price(53,partly_cloudy),green_river(68,partly_cloudy),grand_jct(63,partly_cloudy)])),contain(weather,forecast(central_forecast,[ely(53,partly_cloudy),delta(53,partly_cloudy),fillmore(55,partly_cloudy),nephi(50,partly_cloudy),manti(53,partly_cloudy),richfield(57,partly_cloudy),price(53,partly_cloudy),green_river(68,partly_cloudy),grand_jct(63,partly_cloudy)]))],forecast(central_forecast,[ely(53,partly_cloudy),delta(53,partly_cloudy),fillmore(55,partly_cloudy),nephi(50,partly_cloudy),manti(53,partly_cloudy),richfield(57,partly_cloudy),price(53,partly_cloudy),green_river(68,partly_cloudy),grand_jct(63,partly_cloudy)])","[classification(weatherman,knows_about_weather),be(weatherman_in_manti,weatherman)],be(weatherman_in_manti,knows_about_weather)","[position_to_know(weatherman,weather),asserts(weatherman,weather(manti,53,partly_cloudy)),contain(weather,weather(manti,53,partly_cloudy))],weather(manti,53,partly_cloudy)"
The weatherman knows about the weather.,The user lives in Nephi.,images/class1/test43.png,,"[position_to_know(ksl_weather_specialists,meteorology),asserts(ksl_weather_specialists,temperature(nephi,50)),contain(meteorology,temperature(nephi,50))],temperature(nephi,50)","[position_to_know(weatherman,weather),asserts(weatherman,weather_in(nephi,50,partly_cloudy)),contain(weather,weather_in(nephi,50,partly_cloudy))],weather_in(nephi,50,partly_cloudy)","[classification(weather,known_by_weatherman),be(weather_in_nephi,weather)],be(weather_in_nephi,known_by_weatherman)","[position_to_know(ksl_weatherman,weather),asserts(ksl_weatherman,forecast(nephi,50,partly_cloudy)),contain(weather,forecast(nephi,50,partly_cloudy))],forecast(nephi,50,partly_cloudy)"
The weatherman knows about the weather.,The user is in Ely.,images/class1/test44.png,,"[position_to_know(ksl_weather_specialists, meteorology), asserts(ksl_weather_specialists, weather_in(ely, 53, partly_cloudy)), contain(meteorology, weather_in(ely, 53, partly_cloudy))], weather_in(ely, 53, partly_cloudy)","[classification(weather_specialist,knows_about_weather),be(weatherman,weather_specialist)],be(weatherman,knows_about_weather)","[position_to_know(weatherman,weather),asserts(weatherman,weather_in(ely)),contain(weather,weather_in(ely))],weather_in(ely)","[position_to_know(weatherman,weather),asserts(weatherman,weather_in(ely,53,partly_cloudy)),contain(weather,weather_in(ely,53,partly_cloudy))],weather_in(ely,53,partly_cloudy)"
The weatherman knows about the weather.,The user is in Green River.,images/class1/test45.png,,"[position_to_know(ksl_weather_specialists, meteorology), asserts(ksl_weather_specialists, weather(green_river, 68, partly_cloudy)), contain(meteorology, weather(green_river, 68, partly_cloudy))], weather(green_river, 68, partly_cloudy)","[position_to_know(weatherman,weather),asserts(weatherman,temperature(nephi,50)),contain(weather,temperature(nephi,50))],temperature(nephi,50)","[position_to_know(weatherman, weather), asserts(weatherman, in(user, green_river)), contain(weather, in(user, green_river))], in(user, green_river)","[position_to_know(weatherman,weather),asserts(weatherman,temperature(green_river,68)),contain(weather,temperature(green_river,68))],temperature(green_river,68)"
The weatherman knows about the weather.,The user will travel to Carazinho.,images/class1/test46.png,,"[would_help(take_warm_clothes,travel_to_carazinho),can_carry_out(user,take_warm_clothes),not_too_costly(user,take_warm_clothes)],ought_to_carry_out(user,take_warm_clothes)","[position_to_know(weatherman,weather),asserts(weatherman,forecast(porto_alegre,6,14,partly_cloudy) ∧ forecast(cambara_do_sul,-2,12,partly_cloudy) ∧ forecast(carazinho,1,13,partly_cloudy)),contain(weather,forecast(porto_alegre,6,14,partly_cloudy) ∧ forecast(cambara_do_sul,-2,12,partly_cloudy) ∧ forecast(carazinho,1,13,partly_cloudy))],forecast(porto_alegre,6,14,partly_cloudy) ∧ forecast(cambara_do_sul,-2,12,partly_cloudy) ∧ forecast(carazinho,1,13,partly_cloudy)","[classification(weather, known_by_weatherman), be(weather_in_carazinho, weather)], be(weather_in_carazinho, known_by_weatherman)","[position_to_know(weatherman, weather), asserts(weatherman, forecast(carazinho, min_01, max_13)), contain(weather, forecast(carazinho, min_01, max_13))], forecast(carazinho, min_01, max_13)"
The weatherman knows about the weather.,The user is in Porto Alegre.,images/class1/test47.png,,"[classification(min_temp_6, cold), be(porto_alegre, min_temp_6)], be(porto_alegre, cold)","[position_to_know(weatherman, weather), asserts(weatherman, weather_forecast(porto_alegre, 6, 14, cambara_do_sul, -2, 12, carazinho, 1, 13)), contain(weather, weather_forecast(porto_alegre, 6, 14, cambara_do_sul, -2, 12, carazinho, 1, 13))], weather_forecast(porto_alegre, 6, 14, cambara_do_sul, -2, 12, carazinho, 1, 13)","[classification(weatherman,knows_about_weather),be(weatherman_in_porto_alegre,weatherman)],be(weatherman_in_porto_alegre,knows_about_weather)","[position_to_know(weatherman,weather),asserts(weatherman,min_max_temp(porto_alegre,06,14)),contain(weather,min_max_temp(porto_alegre,06,14))],min_max_temp(porto_alegre,06,14)"
The weatherman knows about the weather.,The user will to go hiking in Cambará do Sul.,images/class1/test48.png,,"[goal(go_hiking(user,cambara_do_sul)),necessary_condition(go_hiking(user,cambara_do_sul),bring_warm_clothes(user))],is_necessary(bring_warm_clothes(user))","[position_to_know(weatherman,weather),asserts(weatherman,weather_forecast(porto_alegre,min(6),max(14),cambara_do_sul,min(-2),max(12),carazinho,min(1),max(13))),contain(weather,weather_forecast(porto_alegre,min(6),max(14),cambara_do_sul,min(-2),max(12),carazinho,min(1),max(13)))],weather_forecast(porto_alegre,min(6),max(14),cambara_do_sul,min(-2),max(12),carazinho,min(1),max(13))","[would_help(weather_information(Cambará_do_Sul), user), can_carry_out(weatherman, weather_information(Cambará_do_Sul)), not_too_costly(weatherman, weather_information(Cambará_do_Sul))], ought_to_carry_out(weatherman, weather_information(Cambará_do_Sul))","[position_to_know(weatherman,weather),asserts(weatherman,weather_forecast(cambara_do_sul,min(-2),max(12))),contain(weather,weather_forecast(cambara_do_sul,min(-2),max(12)))],weather_forecast(cambara_do_sul,min(-2),max(12))"
The weatherman knows about the weather.,The user lives in Reston.,images/class1/test49.png,,"[position_to_know(the_weather_channel_meteorologist, meteorology), asserts(the_weather_channel_meteorologist, snowing(reston)), contain(meteorology, snowing(reston))], snowing(reston)","[position_to_know(weatherman,weather),asserts(weatherman,current_conditions(washington_dc,26)),contain(weather,current_conditions(washington_dc,26))],current_conditions(washington_dc,26)","[position_to_know(weatherman,weather),asserts(weatherman,lives(user,reston)),contain(weather,lives(user,reston))],lives(user,reston)","[position_to_know(weatherman, weather), asserts(weatherman, current_conditions(reston, 25, wintry_precipitation)), contain(weather, current_conditions(reston, 25, wintry_precipitation))], current_conditions(reston, 25, wintry_precipitation)"
The weatherman knows about the weather.,"The user is walking around Washington, DC.",images/class1/test50.png,,"[position_to_know(weather_channel_meteorologist,meteorology),asserts(weather_channel_meteorologist,current_conditions(washington_dc,26,cloudy)),contain(meteorology,current_conditions(washington_dc,26,cloudy))],current_conditions(washington_dc,26,cloudy)","[position_to_know(weatherman,weather),asserts(weatherman,current_temperature(washington_dc,26)),contain(weather,current_temperature(washington_dc,26))],current_temperature(washington_dc,26)","[classification(weather, known_by_weatherman), be(weather_in_washington_dc, weather)], be(weather_in_washington_dc, known_by_weatherman)","[position_to_know(weatherman, weather), asserts(weatherman, current_conditions(washington_dc, 26, cloudy)), contain(weather, current_conditions(washington_dc, 26, cloudy))], current_conditions(washington_dc, 26, cloudy)"
The weatherman knows about the weather.,The is plaing tennis in Leesburg,images/class1/test51.png,,"[occured(not_raining(leesburg)), followed(occured(not_raining(leesburg)), occurs(playing_tennis_in_leesburg))], occurs(playing_tennis_in_leesburg)","[position_to_know(weatherman,weather),asserts(weatherman,current_conditions(washington_dc,26,cloudy)),contain(weather,current_conditions(washington_dc,26,cloudy))],current_conditions(washington_dc,26,cloudy)","[position_to_know(weatherman,weather),asserts(weatherman,playing_tennis_in_Leesburg(weatherman)),contain(weather,playing_tennis_in_Leesburg(weatherman))],playing_tennis_in_Leesburg(weatherman)","[position_to_know(weatherman,weather),asserts(weatherman,temperature(leesburg,23)),contain(weather,temperature(leesburg,23))],temperature(leesburg,23)"
The weatherman knows about the weather.,The user lives in Baltimore and is going for a walk outside.,images/class1/test52.png,,"[position_to_know(the_weather_channel_meteorologist,meteorology),asserts(the_weather_channel_meteorologist,current_conditions(baltimore,24,cloudy)),contain(meteorology,current_conditions(baltimore,24,cloudy))],current_conditions(baltimore,24,cloudy)","[position_to_know(weatherman, weather), asserts(weatherman, current_conditions(washington_dc, 26, cloudy)), contain(weather, current_conditions(washington_dc, 26, cloudy))], current_conditions(washington_dc, 26, cloudy)","[would_help(weather_information(Baltimore), user), can_carry_out(weatherman, weather_information(Baltimore)), not_too_costly(weatherman, weather_information(Baltimore))], ought_to_carry_out(weatherman, weather_information(Baltimore))","[position_to_know(weatherman,weather),asserts(weatherman,current_conditions(baltimore,24,snowy)),contain(weather,current_conditions(baltimore,24,snowy))],current_conditions(baltimore,24,snowy)"
The weatherman knows about the weather,The user lives in Boulder.,images/class1/test53.png,,"[position_to_know(meteorologist,meteorology),asserts(meteorologist,precipitation(boulder)),contain(meteorology,precipitation(boulder))],precipitation(boulder)","[position_to_know(weatherman, weather), asserts(weatherman, total_accumulated_precipitation(colorado)), contain(weather, total_accumulated_precipitation(colorado))], total_accumulated_precipitation(colorado)","[position_to_know(weatherman, weather), asserts(weatherman, knows_about(weatherman, weather)), contain(weather, knows_about(weatherman, weather))], knows_about(weatherman, weather)","[position_to_know(weatherman,weather),asserts(weatherman,precipitation_in(boulder)),contain(weather,precipitation_in(boulder))],precipitation_in(boulder)"
The weatherman knows about the weather,The user is driving to Grand Junction.,images/class1/test54.png,,"[position_to_know(weatherman,meteorology),asserts(weatherman,total_accumulated_precipitation(grand_junction,0.05)),contain(meteorology,total_accumulated_precipitation(grand_junction,0.05))],total_accumulated_precipitation(grand_junction,0.05)","[position_to_know(weatherman, weather), asserts(weatherman, total_accumulated_precipitation(colorado, 1.25)), contain(weather, total_accumulated_precipitation(colorado, 1.25))], total_accumulated_precipitation(colorado, 1.25)","[position_to_know(weatherman, weather), asserts(weatherman, weather_in(grand_junction)), contain(weather, weather_in(grand_junction))], weather_in(grand_junction)","[position_to_know(weatherman, weather), asserts(weatherman, precipitation_in(grand_junction)), contain(weather, precipitation_in(grand_junction))], precipitation_in(grand_junction)"
The weatherman knows about the weather,The user is going to hike near Cheyenne.,images/class1/test55.png,,"[position_to_know(weather5280_meteorologist, meteorology), asserts(weather5280_meteorologist, precipitation_near(cheyenne)), contain(meteorology, precipitation_near(cheyenne))], precipitation_near(cheyenne)","[position_to_know(weatherman,weather),asserts(weatherman,will_precipitate_in(colorado)),contain(weather,will_precipitate_in(colorado))],will_precipitate_in(colorado)","[position_to_know(weatherman, weather), asserts(weatherman, weather_near_cheyenne), contain(weather, weather_near_cheyenne)], weather_near_cheyenne","[position_to_know(weatherman,weather),asserts(weatherman,precipitation_near(cheyenne)),contain(weather,precipitation_near(cheyenne))],precipitation_near(cheyenne)"
The weatherman knows about the weather,The user is going to spend the weekend outdoors in Boulder.,images/class1/test56.png,,"[position_to_know(meteorologist,meteorology),asserts(meteorologist,total_accumulated_precipitation(boulder,0.75)),contain(meteorology,total_accumulated_precipitation(boulder,0.75))],total_accumulated_precipitation(boulder,0.75)","[position_to_know(weatherman,weather),asserts(weatherman,total_accumulated_precipitation),contain(weather,total_accumulated_precipitation)],total_accumulated_precipitation","[would_help(weather_information_about_boulder_this_weekend,user),can_carry_out(weatherman,weather_information_about_boulder_this_weekend),not_too_costly(weatherman,weather_information_about_boulder_this_weekend)],ought_to_carry_out(weatherman,weather_information_about_boulder_this_weekend)","[position_to_know(weatherman,weather),asserts(weatherman,precipitation_in(boulder)),contain(weather,precipitation_in(boulder))],precipitation_in(boulder)"
The weatherman knows about the weather.,The user will remain in Limon for the next 10 days.,images/class1/test57.png,,"[position_to_know(meteorologist, meteorology), asserts(meteorologist, total_accumulated_snowfall(limon, next_10_days)), contain(meteorology, total_accumulated_snowfall(limon, next_10_days))], total_accumulated_snowfall(limon, next_10_days)","[position_to_know(weatherman,weather),asserts(weatherman,total_accumulated_snowfall(colorado_wyoming,next_10_days)),contain(weather,total_accumulated_snowfall(colorado_wyoming,next_10_days))],total_accumulated_snowfall(colorado_wyoming,next_10_days)","[classification(weather, known_by_weatherman), be(weather_in_limon_for_next_10_days, weather)], be(weather_in_limon_for_next_10_days, known_by_weatherman)","[position_to_know(weatherman,weather),asserts(weatherman,snowfall(limon,next_10_days)),contain(weather,snowfall(limon,next_10_days))],snowfall(limon,next_10_days)"
The weatherman knows about the weather.,The user will stay in Cheyenne for the next 10 days.,images/class1/test58.png,,"[position_to_know(meteorologist,meteorology),asserts(meteorologist,snowfall(cheyenne,next_10_days)),contain(meteorology,snowfall(cheyenne,next_10_days))],snowfall(cheyenne,next_10_days)","[position_to_know(weatherman,weather),asserts(weatherman,total_accumulated_snowfall(forecast_region,next_10_days)),contain(weather,total_accumulated_snowfall(forecast_region,next_10_days))],total_accumulated_snowfall(forecast_region,next_10_days)","[classification(weather, known_by_weatherman), be(weather_in_cheyenne_next_10_days, weather)], be(weather_in_cheyenne_next_10_days, known_by_weatherman)","[position_to_know(weatherman,weather),asserts(weatherman,snowfall(cheyenne,next_10_days)),contain(weather,snowfall(cheyenne,next_10_days))],snowfall(cheyenne,next_10_days)"
The weatherman knows about the weather.,The user plans to visit Colorado Springs during the next 10 days.,images/class1/test59.png,,"[position_to_know(meteorologist,meteorology),asserts(meteorologist,accumulated_snowfall(colorado_springs,next_10_days)),contain(meteorology,accumulated_snowfall(colorado_springs,next_10_days))],accumulated_snowfall(colorado_springs,next_10_days)","[position_to_know(weatherman,weather),asserts(weatherman,total_accumulated_snowfall(colorado,next_10_days)),contain(weather,total_accumulated_snowfall(colorado,next_10_days))],total_accumulated_snowfall(colorado,next_10_days)","[classification(weather, known_by_weatherman), be(weather_in(colorado_springs, next_10_days), weather)], be(weather_in(colorado_springs, next_10_days), known_by_weatherman)","[position_to_know(weatherman,weather),asserts(weatherman,snowfall_accumulation(colorado_springs,next_10_days)),contain(weather,snowfall_accumulation(colorado_springs,next_10_days))],snowfall_accumulation(colorado_springs,next_10_days)"
The weatherman knows about the weather.,The user will go hiking near Trinidad during the next 10 days.,images/class1/test60.png,,"[position_to_know(meteorologist, meteorology), asserts(meteorologist, snows(trinidad, next_10_days)), contain(meteorology, snows(trinidad, next_10_days))], snows(trinidad, next_10_days)","[position_to_know(weatherman, weather), asserts(weatherman, snowfall(next_10_days, colorado)), contain(weather, snowfall(next_10_days, colorado))], snowfall(next_10_days, colorado)","[classification(weather,known_by_weatherman),be(weather_near_trinidad_during_next_10_days,weather)],be(weather_near_trinidad_during_next_10_days,known_by_weatherman)","[position_to_know(weatherman,weather),asserts(weatherman,accumulated_snowfall(trinidad,next_10_days)),contain(weather,accumulated_snowfall(trinidad,next_10_days))],accumulated_snowfall(trinidad,next_10_days)"
The weatherman knows about the weather.,The user lives in Minneapolis.,images/class1/test61.png,,"[position_to_know(meteorologist,meteorology),asserts(meteorologist,brings(winter_storm_stella,snow,minneapolis)),contain(meteorology,brings(winter_storm_stella,snow,minneapolis))],brings(winter_storm_stella,snow,minneapolis)","[position_to_know(weatherman,weather),asserts(weatherman,brings(winter_storm_stella,snow)),contain(weather,brings(winter_storm_stella,snow))],brings(winter_storm_stella,snow)","[classification(weather,known_by_weatherman),be(weather_in_minneapolis,weather)],be(weather_in_minneapolis,known_by_weatherman)","[position_to_know(weatherman,weather),asserts(weatherman,brings(winter_storm_stella,snow,minneapolis)),contain(weather,brings(winter_storm_stella,snow,minneapolis))],brings(winter_storm_stella,snow,minneapolis)"
The weatherman knows about the weather.,The user lives in Green Bay,images/class1/test62.png,,"[position_to_know(meteorologist, meteorology), asserts(meteorologist, brings(winter_storm_stella, snow, green_bay, sun_night)), contain(meteorology, brings(winter_storm_stella, snow, green_bay, sun_night))], brings(winter_storm_stella, snow, green_bay, sun_night)","[position_to_know(weatherman,weather),asserts(weatherman,brings(winter_storm_stella,snow)),contain(weather,brings(winter_storm_stella,snow))],brings(winter_storm_stella,snow)","[classification(weatherman,knows_about_weather),be(weatherman_in(green_bay),weatherman)],be(weatherman_in(green_bay),knows_about_weather)","[position_to_know(weatherman,weather),asserts(weatherman,brings(winter_storm_stella,snow,green_bay,sunday_night)),contain(weather,brings(winter_storm_stella,snow,green_bay,sunday_night))],brings(winter_storm_stella,snow,green_bay,sunday_night)"
The weatherman knows about the weather.,The user is in Des Moines.,images/class1/test63.png,,"[position_to_know(meteorologist, meteorology), asserts(meteorologist, brings(winter_storm_stella, rain_and_snow, des_moines)), contain(meteorology, brings(winter_storm_stella, rain_and_snow, des_moines))], brings(winter_storm_stella, rain_and_snow, des_moines)","[position_to_know(weatherman,weather),asserts(weatherman,brings(winter_storm_stella,snow)),contain(weather,brings(winter_storm_stella,snow))],brings(winter_storm_stella,snow)","[classification(weather, known_by_weatherman), be(weather_in_des_moines, weather)], be(weather_in_des_moines, known_by_weatherman)","[position_to_know(weatherman, weather), asserts(weatherman, brings(winter_storm_stella, snow(des_moines, sunday_night))), contain(weather, brings(winter_storm_stella, snow(des_moines, sunday_night)))], brings(winter_storm_stella, snow(des_moines, sunday_night))"
The weatherman knows about the weather.,The user lives in St. Louis,images/class1/test64.png,,"[position_to_know(weather_forecaster,meteorology),asserts(weather_forecaster,brings(winter_storm_stella,rain_and_snow(st_louis))),contain(meteorology,brings(winter_storm_stella,rain_and_snow(st_louis)))],brings(winter_storm_stella,rain_and_snow(st_louis))","[position_to_know(weatherman, weather), asserts(weatherman, brings(winter_storm_stella, snow)), contain(weather, brings(winter_storm_stella, snow))], brings(winter_storm_stella, snow)","[position_to_know(weatherman,weather),asserts(weatherman,weather_in_st_louis),contain(weather,weather_in_st_louis)],weather_in_st_louis","[position_to_know(weatherman,weather),asserts(weatherman,rain_and_snow(st_louis)),contain(weather,rain_and_snow(st_louis))],rain_and_snow(st_louis)"
